Age,Spending,Region,Downloaded
30,3686821,Urban,1
17,4533064,Rural,0
17,408588,Rural,1
17,663288,Urban,1
23,3302441,Urban,0
21,1184624,Urban,0
39,5868212,Urban,1
31,4968898,Urban,1
21,3211717,Urban,0
45,10040428,Urban,0
29,8474687,Urban,1
32,6193729,Urban,1
39,3590692,Rural,1
27,3445536,Rural,1
32,4137533,Urban,1
16,1025586,Urban,0
20,3574332,Urban,0
22,1880766,Rural,0
28,3932507,Urban,1
35,7375682,Urban,1
42,7557097,Urban,1
18,4091417,Rural,0
37,5173519,Urban,1
25,6141991,Urban,0
41,8826772,Urban,1
19,5103283,Urban,0
29,7092779,Rural,1
41,7796473,Urban,1
23,2990082,Rural,0
18,3999230,Urban,0
35,6092709,Rural,1
15,2881263,Urban,1
25,3011458,Urban,0
23,5702239,Urban,0
34,6090483,Urban,1
16,2961613,Urban,0
31,6898590,Urban,1
34,8235573,Urban,1
17,1345893,Urban,0
45,9174387,Urban,0
22,3914618,Urban,0
29,6495527,Urban,1
16,3464479,Urban,0
24,2370648,Urban,1
31,5451896,Urban,1
16,2804168,Urban,0
37,6521166,Urban,1
41,6343680,Rural,1
28,3706239,Urban,1
33,3535049,Urban,1
33,5497124,Urban,1
26,5925055,Urban,1
32,2710565,Urban,1
43,6831417,Urban,1
43,5969081,Urban,1
19,2552444,Urban,0
23,3568760,Urban,1
29,3132818,Urban,1
15,1810996,Urban,0
26,2235349,Urban,0
18,3101189,Urban,0
41,8287129,Urban,1
39,5871233,Rural,1
17,4201813,Urban,1
24,2932871,Urban,0
18,6583749,Urban,0
21,6042470,Urban,0
25,2987888,Urban,0
19,3334476,Urban,0
19,1772321,Urban,0
17,2129543,Urban,0
25,3125384,Urban,1
29,6589574,Urban,1
27,4733352,Urban,0
32,7288078,Urban,1
39,6425175,Urban,1
34,5546338,Urban,1
22,3728163,Rural,0
45,8410473,Urban,0
24,2107954,Urban,0
18,4770040,Urban,0
23,2942841,Urban,1
26,4749398,Urban,0
24,3477610,Rural,0
35,4950414,Urban,1
33,5982193,Urban,1
15,1061099,Rural,1
26,4945576,Urban,0
36,2869520,Urban,1
37,4305412,Rural,1
44,3342069,Urban,1
29,6448748,Rural,1
17,2006462,Urban,0
45,6154147,Urban,0
30,5394105,Urban,1
34,5476513,Urban,1
41,6337592,Urban,1
20,3019971,Urban,1
41,7961734,Urban,1
44,8121365,Urban,1
23,5535075,Urban,1
25,3446291,Urban,1
22,3351339,Urban,0
40,7636909,Urban,1
38,5541954,Urban,1
29,4977467,Urban,1
26,3673030,Urban,0
15,2120251,Urban,1
40,6083336,Urban,1
43,6650568,Urban,1
23,122546,Urban,0
16,1504631,Urban,0
19,2592355,Urban,0
27,5607754,Urban,0
40,6450351,Rural,1
19,2762107,Urban,0
42,7072013,Urban,1
18,3824862,Urban,1
28,3310760,Urban,1
39,6432649,Urban,1
29,2817914,Urban,1
31,8128917,Rural,1
23,1612738,Rural,0
41,6485459,Rural,1
28,4992185,Urban,1
42,6623287,Urban,1
33,8349631,Urban,1
26,4656124,Urban,0
34,5715108,Urban,1
22,5523832,Urban,1
29,2715603,Rural,1
39,5384388,Urban,1
31,6038427,Urban,1
21,5044434,Urban,1
37,5664750,Urban,1
23,4727368,Rural,1
20,1452662,Urban,1
37,7260992,Urban,1
23,3307443,Urban,1
36,3828670,Rural,1
21,2231606,Rural,0
21,4518548,Urban,1
40,5620429,Rural,1
31,3750057,Urban,1
27,2557512,Rural,0
21,5808057,Rural,0
36,6370478,Urban,1
26,6472057,Urban,0
40,5637348,Urban,1
42,8036528,Urban,1
29,3556268,Rural,1
33,6238648,Urban,1
33,8630812,Urban,1
45,10537274,Urban,0
37,6715007,Urban,1
43,7308143,Rural,1
17,2408062,Urban,0
37,7492033,Rural,1
34,7250155,Urban,1
23,5162904,Rural,0
45,7658952,Urban,0
37,4577916,Urban,1
45,5902717,Urban,0
32,7932106,Urban,1
27,2579279,Urban,0
34,7466954,Rural,1
22,2839653,Rural,1
15,3917601,Urban,0
43,9593105,Rural,1
21,432143,Urban,1
28,5351460,Urban,1
35,6161266,Urban,1
41,6209373,Urban,1
23,3145545,Urban,1
27,6415905,Urban,0
18,3664402,Urban,0
34,4765149,Urban,1
17,283965,Urban,1
25,4900957,Urban,0
35,4820136,Urban,1
15,3619672,Rural,0
44,6945057,Rural,1
39,6940464,Rural,1
28,4453819,Urban,1
43,5980928,Urban,1
35,4673739,Urban,1
34,6337967,Rural,1
41,7207811,Urban,1
37,6521704,Urban,1
29,4149717,Urban,1
33,2871649,Urban,1
42,8025253,Urban,1
24,6155239,Urban,0
35,4334029,Urban,1
37,7992461,Urban,1
24,3950551,Urban,0
42,4805287,Urban,1
15,4073652,Urban,0
21,5496866,Urban,0
16,3360411,Urban,0
19,3055573,Urban,0
24,5760899,Urban,1
28,5023145,Urban,1
43,5778539,Urban,1
20,3967715,Urban,0
18,2353150,Rural,0
45,4950073,Urban,1
32,5539808,Rural,1
23,4035068,Urban,0
28,2468613,Urban,1
25,5112872,Urban,0
27,5624406,Urban,0
23,4205304,Urban,0
35,6379480,Urban,1
45,6984869,Rural,0
23,1995146,Urban,0
22,2427057,Rural,1
25,3479964,Urban,0
44,4387557,Urban,1
33,5313689,Urban,1
33,6151777,Urban,1
45,11050385,Rural,0
40,8464829,Urban,1
24,1635575,Rural,1
21,4371121,Rural,1
44,7759408,Rural,1
45,8481483,Urban,0
20,3232204,Urban,0
35,4536449,Urban,1
38,5077209,Urban,1
22,2481050,Urban,0
45,8607595,Urban,0
44,7918214,Urban,1
24,3145871,Urban,0
32,5395953,Urban,1
34,9593315,Urban,1
33,5833120,Urban,1
27,4946670,Rural,0
19,3717333,Rural,0
41,6449000,Urban,1
32,6381187,Rural,1
37,3998281,Urban,1
39,4192640,Rural,1
41,7107500,Rural,1
20,2984625,Rural,0
40,4170955,Urban,1
30,4262107,Rural,1
41,6442085,Rural,1
39,8274910,Urban,1
16,2119734,Urban,0
37,4044525,Urban,1
43,6946081,Urban,1
21,5348858,Rural,0
33,3765574,Urban,1
32,6142519,Urban,1
44,6551695,Urban,1
43,5806980,Urban,1
17,5914989,Urban,0
23,2770975,Urban,1
23,2040761,Urban,0
16,117958,Urban,0
27,4329489,Urban,1
33,3409821,Urban,1
38,4196666,Urban,1
21,4318464,Urban,1
23,2750874,Rural,1
26,1677735,Urban,1
33,6172262,Urban,1
35,1052901,Rural,1
18,652072,Rural,0
16,4683532,Urban,0
21,3560102,Urban,1
19,2956822,Urban,0
23,4463730,Urban,0
41,6482914,Rural,1
40,6111852,Urban,1
20,3123098,Urban,0
44,5712601,Rural,1
35,9469402,Rural,1
29,5147121,Rural,1
41,5989270,Urban,1
45,6339501,Urban,0
41,3367510,Urban,1
16,263040,Urban,0
40,7734664,Urban,1
16,3055992,Urban,0
39,6193738,Urban,1
19,805041,Rural,0
36,7713334,Rural,1
35,2768262,Rural,1
39,5555601,Urban,1
27,2166341,Rural,0
29,3437849,Urban,1
31,2301632,Urban,1
40,5500791,Urban,1
33,5716688,Urban,1
27,5990767,Urban,0
38,3236566,Urban,1
20,2395437,Urban,0
17,2106913,Urban,0
25,3088540,Urban,0
40,6870794,Urban,1
23,2081656,Urban,0
22,3530832,Urban,0
41,5812141,Urban,1
32,6438217,Rural,1
16,1208808,Urban,0
44,5932250,Urban,1
34,7739663,Urban,1
32,3272620,Urban,1
16,2892043,Urban,0
42,10143576,Urban,1
25,8023440,Urban,1
43,7748907,Urban,1
24,5367906,Urban,0
44,8049695,Urban,1
18,4834722,Urban,0
45,6924803,Urban,0
36,7329868,Urban,1
35,8046483,Rural,1
40,5530991,Urban,1
31,4229381,Urban,1
44,6492256,Urban,1
41,6614626,Urban,1
35,5144411,Urban,1
31,4038193,Rural,1
43,5030780,Rural,1
38,7122026,Rural,1
25,4039380,Urban,0
33,2518420,Urban,1
44,7013685,Urban,1
24,1494520,Urban,0
24,2927870,Urban,0
22,3187972,Rural,0
45,6124520,Urban,1
25,4216769,Urban,0
18,3001134,Urban,0
35,3798914,Urban,1
23,1875118,Rural,0
18,5982114,Urban,0
33,4276060,Urban,1
36,6122636,Urban,1
42,6099439,Urban,1
37,5907004,Urban,1
23,5674943,Urban,0
35,6451661,Urban,1
32,5553943,Urban,1
29,6485353,Urban,1
37,7273297,Urban,1
19,1224106,Urban,0
39,7304043,Rural,1
17,3500128,Rural,0
25,4270174,Urban,0
16,2576737,Rural,0
28,4649703,Urban,1
40,6439176,Urban,1
21,3254341,Rural,0
25,7935878,Rural,0
34,4162058,Rural,1
20,2458254,Urban,0
34,1799724,Urban,1
34,5056900,Rural,1
42,7611088,Rural,1
36,5811849,Urban,1
45,7268458,Urban,0
30,5311687,Rural,1
24,4513856,Urban,0
17,1588034,Urban,1
32,6765818,Urban,1
39,4540926,Urban,1
37,4493030,Rural,1
42,7215706,Urban,1
20,2325326,Urban,0
28,5581432,Urban,1
16,3797151,Urban,0
15,900136,Urban,0
22,2568983,Rural,0
37,5523068,Urban,1
26,4095141,Rural,0
44,7371700,Urban,1
32,5539748,Urban,1
34,6791359,Urban,1
28,2951983,Rural,1
34,5454616,Rural,1
35,3189723,Urban,1
26,3460595,Urban,0
33,4336539,Rural,1
15,233680,Rural,0
32,5090779,Urban,1
33,5754499,Urban,1
30,6161560,Urban,1
19,163963,Urban,0
19,2054305,Urban,0
36,3402012,Urban,1
22,3961797,Urban,0
39,8114342,Urban,1
20,2418200,Urban,0
26,4943158,Rural,0
36,7323609,Urban,1
16,3553111,Urban,0
45,6929276,Urban,0
44,4551272,Rural,1
22,4461113,Rural,0
32,7494072,Urban,1
42,8144058,Urban,1
34,5144234,Urban,1
30,3798373,Urban,1
21,4252716,Urban,0
16,3556522,Rural,0
36,5882906,Urban,1
16,3852387,Urban,1
23,2501520,Urban,0
34,5624182,Urban,1
20,981352,Urban,0
34,4663872,Urban,1
24,4434801,Urban,0
21,14361,Urban,1
34,7302467,Urban,1
20,4454343,Urban,1
21,2381675,Urban,0
27,4338735,Rural,0
22,991155,Urban,0
45,5132817,Urban,0
27,4370587,Urban,0
40,6900740,Urban,1
16,1920744,Urban,1
24,3101245,Rural,0
26,6276040,Urban,0
26,4302105,Urban,1
28,9169480,Urban,1
16,962393,Urban,0
17,3731470,Urban,1
40,5917620,Urban,1
26,3119222,Urban,1
29,5015597,Rural,1
33,6678098,Urban,1
32,3669156,Urban,1
16,3300051,Urban,0
44,7716978,Urban,1
15,198084,Rural,1
32,4778587,Urban,1
45,7247134,Urban,0
38,4415329,Urban,1
41,7531153,Rural,1
22,3972807,Urban,0
25,4611747,Urban,0
29,6649254,Urban,1
15,3646517,Urban,0
22,3770551,Urban,0
41,5779206,Urban,1
23,3938757,Rural,0
27,5783139,Rural,0
45,6561226,Urban,0
25,2312345,Urban,0
31,6785957,Urban,1
31,10595707,Urban,1
22,5659492,Urban,0
21,6151609,Rural,0
27,1744732,Urban,1
40,5643422,Urban,1
31,1929629,Urban,1
44,9481990,Urban,1
34,4145777,Urban,1
26,2057035,Urban,0
20,5284315,Urban,1
28,3336915,Urban,1
18,2772217,Urban,0
20,6229622,Urban,0
27,3621810,Urban,1
29,4899874,Urban,1
38,7027428,Urban,1
29,3099805,Urban,1
22,3576528,Urban,0
23,3691125,Rural,1
15,4665526,Urban,0
21,1761442,Urban,0
23,5445105,Urban,1
21,3433046,Urban,0
18,1353774,Urban,0
39,7396161,Rural,1
34,5893334,Urban,1
30,2689946,Urban,1
29,1917806,Urban,1
15,2718934,Urban,0
28,4577946,Rural,1
30,6036045,Rural,1
31,5448778,Urban,1
28,1784724,Urban,1
28,4479539,Rural,1
41,6816023,Urban,1
17,3927472,Urban,1
16,440741,Rural,1
24,3579531,Urban,0
15,179851,Urban,1
23,3634089,Urban,0
28,2383960,Urban,1
18,1561348,Urban,0
23,4102429,Urban,0
24,4589605,Rural,0
29,6324367,Urban,1
42,4683313,Rural,1
41,8015637,Urban,1
29,4388367,Rural,1
33,5103406,Urban,1
40,5550036,Urban,1
23,5003708,Urban,0
23,4314496,Rural,1
17,1634606,Urban,0
36,5230694,Urban,1
42,8209175,Rural,1
44,6159454,Urban,1
19,4188574,Urban,0
25,3003245,Rural,0
38,6020820,Urban,1
36,7201789,Urban,1
15,609850,Rural,0
27,7039723,Urban,0
26,3625401,Urban,0
45,6557761,Urban,0
26,5650528,Rural,1
27,5483027,Urban,1
19,1253138,Rural,0
42,6704409,Rural,1
22,2528206,Urban,0
19,1884783,Urban,0
17,4325785,Urban,1
37,7573376,Rural,1
32,4393313,Urban,1
34,7764449,Urban,1
22,2487424,Rural,0
26,3448510,Urban,0
45,8463744,Rural,0
20,6104857,Urban,0
45,5194556,Urban,0
16,3425277,Urban,0
40,8457265,Rural,1
45,5059985,Urban,0
16,1293954,Urban,1
19,3052641,Urban,0
19,4408507,Urban,0
16,2121423,Urban,0
37,4723916,Urban,1
22,2929701,Urban,0
30,3380442,Urban,1
17,1572667,Urban,1
16,6524091,Rural,0
33,4040536,Urban,1
40,4567539,Urban,1
28,2163482,Urban,1
20,6239855,Urban,0
17,2642022,Rural,0
45,5873521,Urban,0
26,3940201,Urban,0
45,9309591,Urban,0
39,9718423,Urban,1
25,2217966,Rural,0
30,3905414,Urban,1
21,3161236,Urban,0
43,7339510,Rural,1
27,3775913,Urban,0
33,4831048,Rural,1
24,3792713,Urban,1
22,3148093,Rural,0
43,7915404,Urban,1
26,5815674,Rural,0
27,3848064,Urban,0
43,10333323,Urban,1
41,8677793,Rural,1
27,5857288,Urban,0
44,7830617,Urban,1
41,6815607,Rural,1
36,6870960,Urban,1
17,1231301,Rural,0
33,4518713,Urban,1
24,5534270,Urban,0
17,2614735,Urban,1
34,5224393,Urban,1
37,7904877,Urban,1
21,868879,Urban,1
24,6007638,Urban,1
29,2451686,Urban,1
41,7428690,Urban,1
17,1080884,Rural,0
20,3021419,Urban,0
41,7482439,Rural,1
33,4394707,Urban,1
39,4614396,Urban,1
23,1412153,Urban,0
40,5614175,Urban,1
35,3253567,Urban,1
30,3196003,Rural,1
35,7356957,Urban,1
30,4916687,Urban,1
20,3835588,Urban,0
31,3759260,Urban,1
34,7231814,Urban,1
20,2226232,Urban,1
27,3238728,Rural,0
41,4179239,Urban,1
15,4398077,Rural,0
20,974074,Urban,0
21,1278074,Urban,0
17,4200485,Urban,0
28,5556366,Urban,1
38,4150228,Urban,1
20,4554330,Urban,1
24,3753024,Urban,0
38,5643212,Urban,1
25,5670295,Urban,0
39,5438746,Urban,1
43,6451934,Urban,1
27,6918345,Urban,0
15,4018711,Rural,0
44,6146279,Rural,1
44,6377950,Urban,1
36,6715962,Urban,1
43,7401201,Urban,1
44,7835465,Urban,1
40,7007874,Urban,1
29,5528497,Rural,1
16,4272718,Rural,0
41,6267772,Urban,1
45,6915924,Urban,1
43,4923098,Urban,1
34,4753993,Urban,1
29,4869667,Urban,1
35,6697464,Urban,1
18,4352783,Urban,0
35,6568924,Urban,1
38,6473999,Urban,1
16,2677532,Rural,0
31,6667135,Urban,1
29,1897823,Rural,1
34,4678644,Urban,1
32,2406915,Urban,1
15,2131664,Urban,0
20,5766888,Urban,0
24,1418001,Urban,0
40,3304483,Urban,1
27,4330602,Urban,1
43,4625292,Rural,1
43,5813381,Urban,1
35,5921732,Rural,1
23,4670394,Urban,0
24,3986448,Urban,1
29,2706987,Rural,1
25,97926,Urban,0
45,10592472,Urban,0
16,3303219,Urban,0
42,5748365,Urban,1
23,610343,Urban,0
34,7895746,Rural,1
18,2305610,Rural,1
34,7760750,Rural,1
34,3582355,Urban,1
36,5974024,Urban,1
41,8120867,Urban,1
38,8064837,Urban,1
23,2577911,Urban,0
44,4956631,Rural,1
15,3158627,Urban,0
32,4796194,Urban,1
21,5387383,Urban,1
27,4245957,Urban,1
18,1967955,Urban,0
38,9423699,Urban,1
24,3598715,Urban,0
24,7810444,Urban,0
18,336965,Rural,1
36,5550793,Urban,1
26,4853427,Urban,0
17,3359670,Urban,0
26,3788402,Rural,0
38,6137243,Urban,1
37,5416853,Urban,1
18,3527114,Urban,0
37,3046963,Rural,1
42,5786936,Urban,1
34,6060045,Urban,1
35,5339366,Urban,1
23,950526,Urban,1
17,4461471,Urban,0
20,3626472,Urban,0
36,4731765,Rural,1
18,3543351,Urban,1
27,4544957,Urban,1
24,5349968,Rural,0
34,5709226,Urban,1
31,2050710,Urban,1
30,4105301,Urban,1
37,8218049,Urban,1
44,5942106,Urban,1
34,5998952,Rural,1
20,4884388,Urban,1
40,3814646,Urban,1
43,8099594,Urban,1
15,208924,Rural,1
40,4871479,Urban,1
28,5684526,Rural,1
15,2827322,Urban,0
36,6396463,Urban,1
25,3007589,Rural,0
41,7592591,Urban,1
27,3755901,Urban,0
18,2367556,Rural,0
27,5623255,Urban,0
19,5223201,Urban,0
37,5520680,Urban,1
43,8184864,Urban,1
19,2814981,Urban,0
24,4709199,Urban,0
28,3397920,Urban,1
35,5241240,Urban,1
42,5602257,Urban,1
43,7968907,Urban,1
44,6939981,Urban,1
41,5918562,Urban,1
16,3512801,Urban,0
45,9695784,Urban,0
22,5059990,Urban,0
30,7394557,Urban,1
22,174108,Urban,0
26,7008816,Urban,0
38,6994986,Urban,1
45,5034065,Urban,1
38,4198575,Urban,1
20,5152303,Urban,0
15,997414,Urban,0
44,7924606,Urban,1
36,6640937,Rural,1
22,5223033,Rural,1
44,3078478,Urban,1
33,3120114,Rural,1
18,2558641,Urban,0
33,3212596,Urban,1
16,2346272,Urban,0
27,5216383,Rural,1
29,4491374,Rural,1
32,5163506,Urban,1
41,6901107,Urban,1
23,3447429,Rural,0
40,7317782,Urban,1
38,5901186,Urban,1
38,6401696,Urban,1
32,3360287,Rural,1
34,5656424,Urban,1
18,2440754,Urban,0
36,6803377,Urban,1
34,5249327,Rural,1
38,7199132,Urban,1
43,7180548,Rural,1
16,4592408,Urban,0
32,5184922,Rural,1
23,3654593,Urban,0
32,5302830,Urban,1
37,5363967,Urban,1
39,4117132,Urban,1
23,4956330,Urban,0
16,2284018,Urban,0
41,9104882,Urban,1
38,5437512,Urban,1
30,4813933,Rural,1
22,4681653,Urban,1
39,5560887,Urban,1
38,6088118,Urban,1
34,4129084,Urban,1
39,5970732,Rural,1
34,4633370,Rural,1
43,8474336,Urban,1
28,3379369,Urban,1
29,4556805,Urban,1
43,8693989,Urban,1
26,5123233,Urban,0
26,3555279,Rural,0
41,5231772,Rural,1
38,4462326,Urban,1
30,5655223,Urban,1
34,7515102,Urban,1
19,2146199,Urban,1
33,2808932,Urban,1
39,5483083,Urban,1
31,3085740,Urban,1
20,5224185,Urban,0
19,2742491,Urban,0
39,4583925,Urban,1
29,3319059,Urban,1
31,4309057,Rural,1
30,4714878,Urban,1
29,6289615,Urban,1
28,5762858,Rural,1
43,6852353,Urban,1
40,6565686,Rural,1
34,5748957,Urban,1
30,3028778,Rural,1
17,4373944,Rural,0
33,4246608,Rural,1
30,4987553,Rural,1
21,4312019,Urban,1
33,6126079,Urban,1
28,3009269,Urban,1
43,8262015,Urban,1
15,3169893,Rural,0
23,2877310,Rural,0
23,4659494,Urban,1
41,5712656,Rural,1
28,5391204,Urban,1
34,4530070,Urban,1
22,4602918,Urban,0
45,5232573,Urban,1
19,2407957,Rural,1
23,1958995,Urban,0
39,5603263,Urban,1
39,6137155,Urban,1
33,5249749,Urban,1
31,7547386,Rural,1
23,4259480,Urban,0
37,4681083,Urban,1
41,7145211,Urban,1
38,7593605,Urban,1
33,5453202,Urban,1
22,800792,Rural,1
24,5762982,Urban,0
35,4201203,Urban,1
24,1394987,Urban,1
41,3779387,Urban,1
33,4861998,Urban,1
18,1858781,Urban,0
41,5817061,Urban,1
27,5815987,Urban,0
27,6130015,Urban,0
17,1885095,Urban,0
18,3670352,Urban,1
37,4403462,Urban,1
26,2755094,Urban,0
43,6690646,Urban,1
45,7127054,Rural,1
25,3316408,Urban,0
44,6542028,Urban,1
26,4443781,Urban,0
43,5490764,Rural,1
34,5664759,Rural,1
45,7029665,Rural,0
45,8326709,Rural,1
25,4179243,Urban,1
40,6352561,Urban,1
43,5173939,Urban,1
43,3532268,Urban,1
39,7011200,Urban,1
41,5532998,Urban,1
30,5621900,Urban,1
35,7663006,Urban,1
36,4463003,Rural,1
34,6979092,Urban,1
29,3897082,Urban,1
21,2127960,Rural,0
15,1364038,Rural,1
44,6577278,Urban,1
38,2723239,Rural,1
44,5958716,Urban,1
30,5041170,Urban,1
33,3670459,Urban,1
45,6530564,Urban,0
40,5614279,Urban,1
29,6547672,Urban,1
27,2468760,Urban,1
15,3840907,Urban,1
29,4948980,Urban,1
43,7169835,Urban,1
15,2703406,Urban,0
30,4121955,Urban,1
18,4267031,Rural,0
31,8606791,Rural,1
20,2281990,Urban,0
33,5569064,Urban,1
39,4250743,Urban,1
33,7138014,Urban,1
34,4918642,Urban,1
22,4645711,Urban,0
20,1763402,Urban,0
25,4755211,Urban,0
16,2750618,Urban,1
25,3130422,Urban,0
34,3721902,Urban,1
35,4545571,Urban,1
23,2986079,Urban,1
27,6023195,Urban,0
26,1387415,Urban,1
39,6661249,Urban,1
20,3852975,Rural,0
35,5668574,Urban,1
17,4291764,Rural,0
20,823377,Rural,1
42,4867660,Urban,1
16,1443034,Urban,0
24,4323895,Urban,0
35,6174979,Urban,1
39,4446006,Rural,1
28,2811614,Urban,1
23,5340983,Urban,0
19,3308490,Urban,1
20,1537576,Rural,0
42,5880483,Rural,1
37,4478114,Urban,1
27,6850355,Urban,0
35,10067870,Urban,1
35,6208972,Urban,1
30,1258643,Urban,1
25,4490944,Urban,0
26,2941565,Urban,0
37,3822342,Urban,1
45,6569901,Urban,1
35,6037752,Urban,1
37,5699879,Urban,1
29,4025196,Urban,1
44,6807499,Urban,1
40,6246606,Urban,1
22,490634,Urban,0
15,1210659,Urban,0
27,1907550,Urban,0
36,5115322,Urban,1
34,9325202,Rural,1
39,3412260,Urban,1
39,7117414,Urban,1
31,4793861,Urban,1
40,6568104,Rural,1
22,5112135,Rural,0
32,5836885,Urban,1
30,7769347,Urban,1
36,5581398,Urban,1
23,427193,Rural,1
16,4008328,Rural,0
29,2356639,Urban,1
36,7937642,Urban,1
26,4293097,Urban,0
26,5033976,Urban,0
18,1160014,Urban,1
31,6769703,Urban,1
24,4503708,Urban,0
22,4343045,Urban,0
22,2631692,Urban,1
33,5256690,Urban,1
24,3267844,Rural,1
39,8973680,Rural,1
29,4148730,Urban,1
21,2053560,Urban,0
41,5773195,Urban,1
33,4055336,Urban,1
16,1662233,Rural,0
19,2484868,Urban,0
34,7680496,Urban,1
16,2966293,Rural,0
36,5752502,Urban,1
19,3787525,Urban,0
23,5888696,Urban,0
44,8777104,Urban,1
36,6820954,Urban,1
34,3447035,Rural,1
40,8301406,Urban,1
32,5929454,Urban,1
21,3912249,Urban,0
16,3850440,Urban,0
36,5348619,Urban,1
36,4948276,Urban,1
39,6325637,Urban,1
28,2355432,Rural,1
37,2697937,Rural,1
23,5910035,Urban,0
23,6249881,Rural,0
28,6420955,Urban,1
36,7199314,Urban,1
28,4029430,Urban,1
16,1719846,Urban,1
27,4969552,Rural,0
38,5930046,Rural,1
39,5605110,Urban,1
32,2753331,Urban,1
25,5089273,Urban,0
34,6588261,Rural,1
22,4002386,Urban,0
29,3754821,Rural,1
43,5599685,Rural,1
20,1365460,Urban,0
23,3760921,Urban,0
36,4388731,Urban,1
16,5443451,Urban,1
23,3947573,Urban,0
40,4603171,Urban,1
38,8205093,Urban,1
16,1917868,Rural,0
38,3833146,Urban,1
23,2968339,Urban,0
19,698869,Urban,1
32,5485295,Urban,1
36,4888350,Urban,1
30,4954173,Urban,1
22,497011,Urban,1
38,7710138,Rural,1
29,5471643,Urban,1
37,6449427,Rural,1
36,6175315,Urban,1
26,4983989,Urban,0
26,6131772,Urban,0
33,5380864,Urban,1
24,2922407,Rural,0
18,2148629,Urban,1
25,6110995,Rural,1
41,2936038,Urban,1
35,5426359,Urban,1
16,4647940,Urban,0
28,3957457,Rural,1
21,2080278,Urban,0
21,4672595,Urban,0
43,6571990,Urban,1
29,3493455,Urban,1
39,9455673,Urban,1
35,7147224,Urban,1
43,3881732,Urban,1
16,2320170,Urban,0
19,4958845,Urban,1
43,5021432,Rural,1
22,996587,Rural,0
21,3883651,Rural,0
15,3268605,Urban,1
27,6127061,Urban,0
28,5493104,Urban,1
34,7878252,Urban,1
34,6061524,Urban,1
38,5030039,Rural,1
39,6635874,Rural,1
39,6250639,Urban,1
16,3128711,Urban,1
26,3367817,Rural,0
16,3082873,Urban,1
34,5002368,Urban,1
29,7725715,Rural,1
19,2715621,Urban,1
25,2313931,Rural,0
16,4890424,Urban,0
38,2863257,Urban,1
38,4857804,Urban,1
15,3924619,Rural,1
29,8846606,Urban,1
15,1560586,Rural,0
38,7554523,Urban,1
19,1257582,Urban,1
30,5022381,Rural,1
20,6054826,Rural,1
42,9008790,Urban,1
36,5464773,Rural,1
32,5160423,Urban,1
29,5978973,Rural,1
18,2993087,Urban,0
23,3559315,Rural,0
29,2733515,Urban,1
38,5765666,Rural,1
21,1797981,Urban,0
37,4128554,Rural,1
18,656780,Urban,0
15,1838283,Rural,0
22,1668532,Urban,0
38,6330109,Rural,1
32,7276347,Urban,1
37,5504955,Urban,1
20,4896157,Urban,0
39,8260858,Urban,1
22,5175510,Urban,0
30,2885671,Urban,1
41,6785221,Urban,1
28,3029243,Urban,1
39,8232888,Rural,1
38,4418429,Rural,1
39,4409746,Urban,1
23,4191595,Urban,1
28,2177627,Urban,1
28,6325434,Urban,1
21,2071871,Urban,1
22,605001,Urban,1
29,6569381,Urban,1
26,4478046,Rural,0
36,6234450,Urban,1
26,4964271,Rural,0
35,4027871,Rural,1
27,5551582,Urban,0
17,3724617,Urban,0
41,6895298,Rural,1
44,5823206,Rural,1
31,4780449,Rural,1
24,3257705,Rural,0
29,3449690,Rural,1
24,2791021,Urban,0
43,5080117,Rural,1
34,3615070,Rural,1
25,2179875,Rural,1
31,3062340,Rural,1
16,3403144,Urban,0
43,6638979,Urban,1
31,1653136,Rural,1
39,3588079,Rural,1
32,5032820,Rural,1
17,5497487,Urban,1
33,5943678,Urban,1
32,4186643,Rural,1
39,7316735,Rural,1
39,4929881,Rural,1
39,6356592,Rural,1
42,4824060,Urban,1
18,1367588,Urban,0
31,5411300,Rural,1
24,1280911,Rural,0
18,4669037,Rural,0
32,3150369,Urban,1
34,6092628,Urban,1
43,6680718,Urban,1
34,7200823,Rural,1
37,6790958,Rural,1
26,2856699,Rural,1
17,4017548,Rural,0
17,2339843,Rural,0
41,5235530,Urban,1
38,5279798,Rural,1
15,4653240,Rural,0
37,6718960,Rural,1
16,3287057,Urban,1
18,6142603,Urban,0
36,5419427,Urban,1
34,7463288,Urban,1
21,785469,Urban,1
19,675554,Rural,0
33,3659662,Urban,1
43,7583028,Rural,1
43,7364039,Urban,1
24,5223420,Urban,0
28,4903087,Urban,1
27,4714505,Urban,0
25,2774049,Rural,0
15,667711,Urban,1
39,7547280,Urban,1
39,7526758,Rural,1
16,2264904,Urban,0
29,3202945,Urban,1
21,4774330,Rural,0
33,4414296,Urban,1
26,4359043,Urban,0
34,5468123,Urban,1
38,5075515,Rural,1
33,4726008,Rural,1
36,4536713,Rural,1
36,6920129,Urban,1
27,4974226,Urban,1
34,3858882,Urban,1
29,3574951,Urban,1
19,3886595,Urban,0
19,2572666,Urban,0
28,4576354,Rural,1
19,3175377,Urban,0
19,3271311,Rural,0
43,6222665,Urban,1
36,3584373,Urban,1
40,7993675,Rural,1
30,4007133,Urban,1
34,4693494,Urban,1
39,6786026,Urban,1
41,6736095,Rural,1
44,9440195,Urban,1
33,4498575,Rural,1
34,7371386,Urban,1
19,2885705,Rural,0
32,7342051,Urban,1
35,6917378,Rural,1
19,3664804,Rural,1
22,2565818,Rural,0
15,2471254,Rural,0
25,3510681,Urban,0
32,3014344,Rural,1
17,5113715,Rural,0
45,8257797,Rural,1
16,5282693,Urban,1
29,7603948,Urban,1
44,7074566,Rural,1
37,5793293,Urban,1
41,5702476,Urban,1
31,2799678,Urban,1
40,3996030,Rural,1
33,3523301,Urban,1
24,4061484,Urban,0
37,4816223,Urban,1
15,1035356,Rural,0
16,774167,Urban,0
29,5233512,Rural,1
22,2754543,Rural,1
41,8338380,Urban,1
36,4233914,Rural,1
21,774036,Urban,0
29,6153481,Rural,1
42,7250986,Urban,1
42,5571996,Rural,1
30,3079176,Rural,1
31,7401803,Rural,1
17,3051210,Rural,0
28,5668415,Urban,1
26,1067094,Urban,1
39,6566722,Urban,1
39,4716080,Rural,1
21,3092655,Urban,0
30,2914872,Rural,1
17,3052575,Rural,1
39,5591449,Rural,1
31,4124644,Rural,1
45,6514228,Urban,0
39,5789385,Rural,1
40,5613061,Rural,1
39,3795887,Rural,1
45,4616305,Urban,0
39,4766840,Rural,1
42,6162219,Rural,1
23,3121376,Rural,1
24,3656838,Rural,1
22,2216933,Rural,0
29,5075559,Rural,1
32,4296828,Rural,1
15,6675658,Rural,0
37,6122815,Rural,1
16,2504307,Rural,0
42,5911805,Urban,1
45,8079857,Rural,1
41,3993333,Urban,1
44,3567681,Rural,1
39,5821880,Rural,1
26,5200474,Urban,0
44,6298085,Urban,1
34,5885267,Rural,1
19,3368354,Rural,0
17,3227593,Rural,0
45,7104007,Rural,0
18,4255239,Rural,0
37,6701631,Urban,1
28,3698826,Rural,1
23,3543469,Urban,0
45,4747151,Urban,0
31,4741851,Rural,1
36,5835324,Urban,1
32,4537707,Urban,1
32,4147014,Rural,1
39,5808942,Urban,1
16,1885879,Urban,0
24,4136525,Urban,1
42,5438276,Urban,1
34,6819695,Urban,1
32,4217259,Rural,1
32,4670731,Rural,1
35,6758304,Urban,1
32,5386047,Urban,1
18,4167536,Rural,1
21,3948230,Urban,0
16,1807363,Rural,1
31,4239788,Urban,1
42,4498445,Urban,1
18,2239870,Urban,0
17,4864244,Rural,0
26,4936378,Urban,0
17,3230711,Urban,0
17,4321447,Urban,0
29,4087926,Rural,1
32,4761269,Rural,1
34,5472037,Rural,1
37,5796805,Rural,1
21,4578868,Rural,0
22,4017229,Rural,0
34,4214242,Rural,1
41,6891898,Rural,1
20,3904951,Rural,0
44,7395249,Rural,1
22,3033698,Urban,1
23,3382846,Urban,0
16,530113,Rural,0
44,5817074,Urban,1
41,5100210,Urban,1
18,469163,Urban,0
37,3357044,Urban,1
40,5492075,Rural,1
21,5386337,Urban,0
44,10571989,Rural,1
31,2175505,Rural,1
26,5181407,Rural,1
20,5937383,Rural,0
39,8723877,Urban,1
41,6859832,Rural,1
21,4045416,Urban,0
42,6776362,Rural,1
18,1730280,Urban,0
32,4669891,Rural,1
37,8192612,Rural,1
39,6712728,Rural,1
26,7441305,Rural,0
42,6903055,Urban,1
37,4875461,Urban,1
16,4867929,Urban,0
23,4983297,Rural,0
43,7481740,Urban,1
21,3679489,Urban,0
17,2538791,Rural,0
35,5319098,Urban,1
18,3863848,Rural,0
23,5975382,Urban,0
17,4810952,Rural,0
29,6773564,Rural,1
20,4708636,Urban,1
17,5170658,Urban,0
20,2175397,Urban,0
32,3943053,Urban,1
32,3491134,Rural,1
41,5977262,Urban,1
18,3451281,Rural,0
40,5478356,Rural,1
31,8430151,Urban,1
17,2949756,Rural,0
24,2943884,Urban,0
19,2655111,Urban,0
28,6087314,Urban,1
30,6072243,Urban,1
16,2761938,Urban,0
32,4978756,Urban,1
37,6459955,Rural,1
28,2123995,Urban,1
41,7049144,Rural,1
22,4664653,Rural,0
26,5149773,Urban,1
33,5433681,Urban,1
40,7011739,Rural,1
21,3194881,Urban,0
33,4844295,Rural,1
22,2324274,Rural,1
19,4157410,Urban,0
25,3687357,Rural,0
37,7366453,Rural,1
39,4129850,Urban,1
28,5458491,Urban,1
21,4557960,Urban,1
38,7310214,Rural,1
43,5281414,Urban,1
26,4998157,Urban,1
35,5799814,Urban,1
33,6824577,Rural,1
23,3963347,Urban,0
21,1158614,Urban,0
35,5612284,Rural,1
35,7061072,Rural,1
44,4128351,Rural,1
19,3131515,Rural,0
45,7990531,Rural,0
21,1932859,Urban,0
22,3364828,Urban,0
44,8099407,Rural,1
40,6555112,Urban,1
37,3801487,Rural,1
33,3055804,Rural,1
16,1292919,Urban,0
25,3883571,Urban,1
31,5294439,Urban,1
25,2492756,Rural,1
37,3954444,Rural,1
18,2919016,Rural,0
35,4411002,Urban,1
25,6065611,Rural,0
18,4862636,Rural,0
31,4395013,Urban,1
38,6326063,Urban,1
33,5145774,Urban,1
39,7070606,Urban,1
37,6698947,Rural,1
44,8911853,Rural,1
33,4358175,Rural,1
22,2322558,Urban,1
25,2589686,Urban,0
41,7297910,Rural,1
43,9328150,Rural,1
16,3383333,Urban,0
28,2402694,Urban,1
28,3883864,Urban,1
16,2471299,Rural,1
45,8956956,Urban,0
41,8307183,Rural,1
32,2294046,Rural,1
25,2753242,Rural,0
37,6723025,Urban,1
33,4557211,Rural,1
35,5874343,Rural,1
30,3635418,Rural,1
21,2467606,Rural,0
21,1478978,Urban,1
26,2935593,Urban,1
32,3542030,Urban,1
21,1175160,Rural,0
30,5776126,Rural,1
31,4447938,Rural,1
31,6981698,Rural,1
30,5694289,Rural,1
21,3064257,Urban,0
45,5834042,Rural,0
35,4253501,Rural,1
40,7283180,Rural,1
22,3999793,Urban,0
31,3614905,Rural,1
42,8594284,Rural,1
15,453421,Urban,0
28,2407114,Rural,1
40,6934282,Rural,1
35,5103414,Rural,1
37,7267697,Urban,1
29,4970003,Urban,1
32,4986189,Urban,1
20,3423722,Urban,0
17,2071955,Urban,1
18,2715783,Urban,0
37,4453434,Rural,1
24,2411618,Rural,0
29,6312045,Rural,1
36,6125335,Rural,1
17,2836160,Urban,0
35,4041749,Urban,1
41,4809618,Urban,1
38,7691598,Rural,1
23,6048245,Rural,0
39,6036445,Rural,1
21,5990211,Urban,0
25,3126270,Rural,0
44,7192857,Rural,1
18,2592371,Urban,0
31,4747086,Rural,1
41,6580376,Urban,1
19,4735599,Urban,1
36,6822592,Rural,1
44,7085488,Rural,1
23,2497100,Urban,0
25,3917306,Urban,0
37,9283426,Rural,1
43,9250985,Urban,1
15,557210,Urban,0
27,1474842,Urban,0
45,8571042,Urban,0
18,4196196,Urban,0
36,9822852,Rural,1
15,3581941,Urban,1
19,4539631,Urban,1
19,3565573,Urban,0
39,3792989,Urban,1
40,9812730,Urban,1
20,2316728,Rural,1
29,3095477,Rural,1
17,3475932,Urban,0
32,5441082,Urban,1
29,3148231,Rural,1
21,6125090,Rural,0
25,5271622,Urban,1
41,9662086,Rural,1
39,6638370,Urban,1
45,8007724,Urban,0
24,6730017,Rural,1
33,4803851,Urban,1
24,5079843,Rural,0
37,4280395,Rural,1
16,2133550,Rural,0
29,4233182,Urban,1
30,6054527,Rural,1
40,6602006,Urban,1
23,1828668,Urban,0
15,3420064,Rural,0
45,6082021,Urban,1
42,7293213,Urban,1
31,3893840,Urban,1
19,2889548,Urban,0
36,9470352,Urban,1
27,3442411,Rural,0
30,4086679,Urban,1
16,3241555,Rural,0
40,3568939,Urban,1
19,2369785,Urban,0
45,6218777,Rural,1
37,6324929,Rural,1
27,5333121,Rural,1
45,4243840,Rural,0
32,8680415,Urban,1
39,7491324,Urban,1
27,1502019,Urban,0
26,6350624,Rural,0
33,4746429,Urban,1
34,5248004,Urban,1
36,7746895,Urban,1
39,4717807,Rural,1
27,5623103,Rural,1
24,4056505,Rural,0
22,2438421,Rural,0
22,2277516,Rural,0
45,6604070,Urban,0
44,7512795,Rural,1
33,6686154,Urban,1
36,6543670,Rural,1
37,6517849,Rural,1
27,3514371,Rural,1
19,6909257,Rural,0
45,4879039,Rural,0
31,4444554,Rural,1
45,7807195,Urban,0
37,6476800,Urban,1
27,1213005,Rural,0
22,2325325,Rural,1
21,3816160,Urban,0
32,4511749,Urban,1
40,5547083,Rural,1
22,2387204,Urban,0
43,8351246,Urban,1
21,2602753,Rural,0
33,8091980,Urban,1
26,6004504,Urban,1
32,4497539,Urban,1
34,5192133,Urban,1
34,7066709,Urban,1
35,6972654,Rural,1
33,4597499,Rural,1
28,2425189,Rural,1
15,2798934,Urban,0
22,3281228,Rural,0
16,5902497,Rural,0
25,7648963,Urban,1
45,5835848,Rural,1
32,2781050,Rural,1
34,3770495,Rural,1
21,4619746,Urban,0
15,4306015,Rural,1
16,3324892,Rural,0
36,3924805,Rural,1
34,6065530,Urban,1
35,6504531,Rural,1
38,889135,Rural,1
42,6071128,Rural,1
28,5981051,Rural,1
21,4752161,Urban,1
23,4215089,Urban,0
25,2927410,Rural,0
20,5144388,Rural,0
31,2814339,Urban,1
45,6242958,Rural,0
19,4235354,Rural,0
23,3568557,Rural,1
21,5543721,Urban,0
42,6156787,Urban,1
45,4994499,Rural,0
15,789605,Urban,1
18,3172218,Urban,0
24,2437162,Rural,0
22,3779402,Urban,0
18,4988201,Rural,1
35,8201926,Rural,1
23,3499642,Urban,0
24,6869572,Rural,0
27,4095329,Rural,0
42,6147490,Urban,1
17,2890287,Rural,0
45,6583477,Urban,1
16,3047879,Rural,1
44,8300133,Urban,1
44,7541543,Rural,1
34,5283963,Urban,1
25,5081932,Rural,0
22,4506995,Rural,0
24,260411,Rural,0
34,4292021,Rural,1
17,5081055,Urban,0
41,6861772,Rural,1
24,5025716,Urban,1
21,1114637,Rural,1
42,6610150,Urban,1
40,7964557,Urban,1
29,3570685,Urban,1
33,4852441,Urban,1
20,967817,Urban,0
28,4695855,Rural,1
15,2343583,Rural,1
26,5154454,Urban,0
32,7902061,Urban,1
39,7547892,Urban,1
24,3896808,Urban,0
31,2963110,Urban,1
39,9590483,Urban,1
42,7357508,Urban,1
43,3996858,Rural,1
38,5737720,Urban,1
24,1548116,Rural,0
24,5043460,Urban,0
44,6621526,Rural,1
27,986446,Rural,1
42,8562932,Rural,1
36,4652688,Rural,1
16,663769,Urban,0
35,4696035,Urban,1
19,4812008,Urban,0
41,5581332,Rural,1
17,3719330,Rural,1
42,8216829,Rural,1
36,7345443,Urban,1
30,6576605,Rural,1
38,4683918,Rural,1
15,2852233,Urban,0
19,2749582,Rural,0
37,9235711,Rural,1
22,1904840,Rural,0
20,994200,Rural,0
38,4060868,Urban,1
32,6983102,Urban,1
34,4942021,Rural,1
31,6052871,Urban,1
43,6856299,Urban,1
40,6638379,Rural,1
17,3757901,Rural,0
30,5291245,Urban,1
31,5948741,Urban,1
34,4199173,Urban,1
18,1648246,Urban,0
44,7767058,Rural,1
37,5624320,Rural,1
19,3035467,Rural,1
44,8792984,Rural,1
17,3402155,Rural,0
42,8002710,Urban,1
41,5625741,Rural,1
40,8540876,Rural,1
21,4937810,Urban,1
32,6826662,Rural,1
16,2007651,Rural,0
19,3016993,Urban,1
33,6021465,Rural,1
43,8768885,Rural,1
32,4578653,Rural,1
33,4233586,Urban,1
34,5099395,Rural,1
15,1670870,Urban,0
44,7825194,Urban,1
24,1880660,Urban,0
24,3013443,Rural,1
26,4661965,Rural,0
19,499797,Urban,1
29,5631405,Rural,1
35,5438845,Rural,1
28,5862406,Rural,1
28,2628514,Rural,1
17,3192290,Rural,0
29,3753426,Urban,1
39,6330347,Rural,1
28,4450935,Rural,1
22,4472523,Urban,1
45,7000885,Rural,0
38,8076879,Rural,1
33,3009658,Rural,1
18,5939113,Urban,0
44,5266272,Rural,1
33,4727084,Rural,1
28,4324046,Urban,1
25,4861438,Urban,0
41,7903699,Urban,1
35,2869582,Urban,1
25,3205780,Urban,0
25,5251670,Urban,0
20,2384549,Rural,0
37,5044905,Urban,1
29,3978377,Rural,1
42,7626322,Rural,1
31,5690201,Rural,1
45,5896409,Rural,0
29,9542022,Rural,1
36,5724411,Rural,1
35,4798558,Rural,1
18,2457256,Rural,0
24,1477098,Rural,0
17,3908887,Urban,1
20,3488857,Urban,1
20,2119120,Urban,1
15,798862,Urban,0
33,7092413,Urban,1
32,5994885,Urban,1
38,8064394,Urban,1
35,5612065,Rural,1
36,6520174,Urban,1
25,2526581,Urban,1
19,5032277,Urban,0
25,3455885,Rural,0
25,2405232,Rural,0
36,6068044,Urban,1
16,1073337,Rural,0
32,2660793,Urban,1
19,2776023,Rural,0
18,2404874,Rural,0
20,2752688,Urban,1
21,3889235,Urban,0
35,5837866,Urban,1
35,4877577,Urban,1
38,7843965,Urban,1
37,3414715,Rural,1
44,4360184,Urban,1
36,6280007,Urban,1
28,3943795,Rural,1
21,3022505,Rural,1
19,3861885,Rural,0
19,2960709,Rural,0
24,6489937,Rural,0
30,3443959,Rural,1
43,6078182,Urban,1
27,4748890,Rural,0
28,4645164,Rural,1
15,5773680,Rural,0
30,3527091,Urban,1
28,3544716,Rural,1
20,4812365,Urban,0
16,3027197,Urban,0
27,4466678,Urban,0
37,3401283,Rural,1
45,8045024,Rural,0
25,3242419,Rural,0
18,5859287,Rural,1
26,3244830,Rural,0
42,8394917,Rural,1
19,2707582,Urban,0
34,2496352,Rural,1
26,3127411,Rural,0
28,3643597,Rural,1
33,6958986,Rural,1
16,5321612,Rural,0
27,1692649,Urban,0
39,9232053,Rural,1
21,4121987,Urban,1
40,6935853,Urban,1
26,5604776,Rural,0
21,3546278,Rural,1
24,5793609,Rural,0
36,5582900,Urban,1
37,4138276,Rural,1
32,6122096,Urban,1
24,5434009,Urban,0
42,5197116,Rural,1
37,4576423,Urban,1
27,8940438,Rural,0
15,4795612,Rural,0
20,5733050,Rural,0
23,2957005,Rural,0
20,3420332,Urban,0
21,4954877,Rural,1
28,4434701,Rural,1
43,5953924,Rural,1
25,2429041,Urban,0
32,6586880,Urban,1
27,3302935,Rural,0
32,5687571,Rural,1
24,3514453,Rural,0
34,4314123,Urban,1
28,5759327,Urban,1
33,4688401,Rural,1
16,2667089,Urban,0
35,6420430,Urban,1
28,4782872,Urban,1
41,6140719,Urban,1
17,1371911,Rural,0
30,3744075,Urban,1
23,6298318,Rural,1
34,4924611,Rural,1
18,3633754,Rural,0
23,5032745,Rural,0
20,740455,Urban,0
29,7613492,Urban,1
33,3991695,Rural,1
22,3255500,Rural,0
26,3991496,Urban,0
21,4058523,Urban,1
27,4823153,Urban,0
31,3234968,Urban,1
34,7027561,Urban,1
29,3164883,Rural,1
26,3894932,Urban,0
42,6754094,Rural,1
30,5152571,Urban,1
19,1329070,Rural,0
42,8039344,Rural,1
44,6740517,Urban,1
42,7434698,Urban,1
29,4899041,Urban,1
15,2961536,Urban,0
22,4749714,Urban,0
45,6777383,Rural,0
18,2006362,Rural,0
27,2297997,Rural,1
26,558952,Rural,1
24,2059794,Rural,1
24,2128292,Urban,0
43,5811495,Urban,1
18,3266233,Rural,0
18,2481170,Rural,0
25,2253670,Urban,0
35,3720381,Urban,1
24,1317956,Rural,0
40,6098292,Rural,1
31,6646039,Rural,1
31,4269155,Urban,1
45,9525062,Rural,0
18,1815290,Rural,0
35,5579622,Rural,1
29,5165737,Urban,1
38,4328777,Rural,1
33,7197783,Rural,1
22,3377294,Urban,0
27,3515766,Urban,0
42,6646180,Rural,1
31,7483122,Rural,1
23,5067182,Urban,0
37,5602018,Urban,1
30,5085753,Urban,1
21,1768366,Urban,0
32,4502093,Rural,1
38,6220813,Urban,1
17,3329354,Urban,0
19,3296461,Rural,0
32,5411777,Urban,1
45,5527566,Urban,0
25,1183804,Urban,0
25,6294571,Rural,0
41,6005106,Rural,1
39,5537929,Urban,1
23,2111623,Urban,0
22,4894164,Rural,0
19,4775146,Rural,0
19,1601606,Urban,0
38,7756295,Urban,1
25,2358670,Urban,1
32,5045615,Rural,1
36,8323779,Urban,1
37,6885805,Rural,1
40,10014199,Urban,1
20,2199089,Urban,0
17,3337269,Urban,0
41,6708154,Urban,1
16,3093705,Rural,1
33,5843415,Urban,1
34,4534390,Urban,1
28,3375085,Rural,1
23,3590082,Urban,1
30,3751777,Urban,1
22,2921270,Rural,1
24,4540966,Urban,0
18,2217314,Urban,0
42,6794757,Rural,1
30,5621084,Urban,1
41,4931056,Urban,1
45,6822614,Rural,0
27,4776256,Urban,0
37,3845905,Rural,1
17,3419869,Rural,0
37,6320872,Rural,1
34,5183244,Urban,1
16,1505644,Urban,0
17,3729106,Rural,0
34,3840386,Rural,1
17,2312566,Urban,1
45,6012248,Rural,0
44,5670635,Urban,1
32,4645546,Urban,1
43,3870861,Urban,1
42,6170311,Urban,1
37,7841269,Urban,1
36,10516499,Rural,1
38,3739265,Rural,1
22,2954601,Urban,0
34,6797453,Rural,1
22,5131216,Urban,0
36,5593850,Rural,1
16,1069863,Urban,0
45,9357906,Urban,0
15,1722641,Urban,0
19,6061828,Urban,0
38,5239905,Rural,1
26,3299554,Rural,0
38,3200972,Urban,1
30,4583456,Rural,1
27,5011065,Rural,0
19,3857472,Rural,0
44,6737349,Rural,1
27,5074939,Urban,0
39,6450639,Urban,1
28,5188313,Rural,1
24,5877837,Rural,0
43,8116405,Rural,1
35,7189660,Urban,1
24,4222651,Rural,0
36,5883468,Rural,1
20,4574227,Urban,0
24,4196550,Urban,0
16,4486219,Rural,1
17,2072911,Urban,1
38,5889275,Rural,1
26,4405668,Urban,0
35,4917098,Rural,1
41,6468363,Urban,1
42,4737128,Rural,1
37,4741146,Urban,1
33,5858861,Rural,1
38,7080709,Urban,1
24,3673589,Rural,0
16,2148638,Rural,0
19,2150803,Rural,0
34,5579716,Rural,1
43,7901461,Urban,1
23,3035758,Urban,0
45,8271566,Rural,0
34,5409928,Urban,1
33,8440498,Urban,1
44,7597965,Rural,1
17,169239,Rural,0
43,4409427,Urban,1
15,3094938,Rural,0
20,2997568,Rural,1
20,5264177,Rural,0
15,1694013,Rural,0
27,3657058,Rural,0
30,4864268,Urban,1
26,5747130,Rural,1
31,5117912,Rural,1
41,5734250,Rural,1
22,5046282,Urban,0
18,3514175,Rural,0
27,4910226,Urban,0
33,8949968,Urban,1
39,5647706,Rural,1
15,4239079,Urban,0
23,4027339,Rural,0
24,4357582,Urban,0
30,3703952,Rural,1
33,2823634,Rural,1
40,6699560,Urban,1
19,2083855,Urban,0
33,6977221,Urban,1
25,4876465,Urban,0
22,3379621,Urban,0
19,5765111,Rural,0
42,6065755,Urban,1
41,7486032,Urban,1
43,7467196,Rural,1
20,4403744,Urban,1
24,3563190,Rural,0
24,5672014,Rural,0
21,4299713,Rural,0
30,5243406,Urban,1
16,2083410,Urban,0
15,967751,Rural,0
31,5886356,Rural,1
24,2699682,Urban,0
44,7425383,Rural,1
43,7378940,Rural,1
24,1617949,Urban,1
43,6884490,Rural,1
36,7481562,Urban,1
38,5499126,Rural,1
43,7628759,Urban,1
21,6938514,Urban,0
19,4748482,Rural,0
45,7327276,Rural,1
32,6784765,Rural,1
45,6985811,Rural,0
31,7789937,Urban,1
40,5388686,Rural,1
45,7833925,Rural,0
34,4810217,Rural,1
19,4517042,Urban,0
15,274768,Rural,0
19,2340758,Urban,0
18,4624464,Rural,0
36,5462481,Urban,1
44,8521764,Rural,1
34,5739446,Urban,1
31,5747923,Urban,1
41,4294952,Urban,1
24,5427917,Rural,0
26,4057672,Urban,1
32,4235888,Urban,1
27,4204733,Urban,0
18,35174,Urban,0
38,6881556,Urban,1
37,7752509,Urban,1
21,2855199,Urban,0
23,3818685,Rural,0
37,7772375,Rural,1
40,8949675,Urban,1
22,1341571,Urban,0
23,5875122,Urban,1
36,6635721,Rural,1
22,4172458,Urban,0
26,4111122,Rural,0
19,2536952,Urban,0
26,5914060,Urban,1
27,3633562,Rural,0
39,5948576,Rural,1
21,3485741,Rural,0
42,7410909,Urban,1
27,1971024,Rural,1
16,1618727,Rural,0
23,3373120,Urban,1
28,4486769,Rural,1
26,5011707,Urban,0
23,4040118,Rural,0
21,2171346,Urban,0
26,4022435,Rural,1
16,5333866,Rural,0
37,7167462,Urban,1
15,2972439,Urban,0
44,6431327,Urban,1
29,5219618,Urban,1
16,3289141,Urban,0
15,3076785,Rural,0
17,436715,Rural,0
30,6690671,Urban,1
29,3901341,Urban,1
17,4328900,Rural,0
35,5241781,Rural,1
23,4644440,Urban,0
45,5797752,Urban,0
20,4892989,Urban,1
18,1249849,Urban,1
36,7194493,Rural,1
27,3245439,Urban,0
34,6799000,Rural,1
25,8130217,Urban,0
23,3040346,Urban,0
43,7383331,Urban,1
35,8234060,Rural,1
22,1973888,Rural,0
21,1605218,Urban,1
20,4746767,Urban,0
40,7278270,Urban,1
26,6173595,Urban,0
39,5901555,Rural,1
23,3580786,Urban,0
35,7130933,Urban,1
43,10084041,Urban,1
25,1460789,Urban,0
29,4633997,Rural,1
24,6881492,Urban,1
35,5450983,Urban,1
19,4056270,Rural,0
45,7224619,Rural,1
25,5073968,Urban,0
37,5612074,Rural,1
31,6044716,Urban,1
33,6861308,Urban,1
19,3829604,Urban,0
24,3191874,Rural,0
26,723940,Urban,1
28,5178266,Rural,1
23,4183461,Rural,1
32,8649656,Rural,1
27,5395765,Urban,0
27,3940270,Rural,0
19,5186661,Urban,0
32,5980041,Rural,1
21,3935245,Rural,0
17,3778832,Urban,0
45,4994102,Urban,0
32,1164672,Rural,1
22,5868968,Urban,0
30,3810219,Rural,1
28,3180038,Urban,1
16,56920,Urban,0
40,6937929,Rural,1
27,2721951,Rural,0
38,6665314,Urban,1
35,3852166,Urban,1
35,3160643,Rural,1
20,5863237,Urban,0
26,7571857,Urban,0
17,2166238,Rural,0
28,3835209,Urban,1
22,713577,Rural,0
26,3600819,Urban,0
23,3011640,Urban,0
25,3304795,Rural,0
44,9285054,Rural,1
33,5994993,Urban,1
15,2700628,Rural,1
31,5192863,Urban,1
20,2260682,Rural,0
21,3158333,Urban,0
18,623395,Urban,0
36,5313993,Rural,1
29,5117850,Rural,1
39,3689927,Urban,1
15,2992477,Rural,0
31,7421911,Urban,1
22,3183271,Rural,0
18,624674,Rural,0
18,628770,Rural,1
18,1681886,Urban,0
29,7368042,Rural,1
39,6521703,Urban,1
26,3681520,Rural,0
34,6488616,Urban,1
18,1575425,Rural,1